{
  "prepare_queue": {
    "installed": [],
    "uninstalled": []
  },
  "config_munge": {
    "files": {
      "AndroidManifest.xml": {
        "parents": {
          "/manifest/application/activity[@android:name='MainActivity']": [
            {
              "xml": "<activity android:configChanges=\"orientation|keyboardHidden|keyboard|screenSize|locale|screenLayout|smallestScreenSize\" />",
              "count": 1,
              "mode": "merge",
              "id": "config.xml",
              "oldAttrib": {
                "android:configChanges": "orientation|keyboardHidden|keyboard|screenSize|locale|screenLayout|smallestScreenSize",
                "android:label": "@string/activity_name",
                "android:launchMode": "singleTop",
                "android:name": "MainActivity",
                "android:theme": "@android:style/Theme.DeviceDefault.NoActionBar",
                "android:windowSoftInputMode": "adjustResize"
              }
            }
          ],
          "/manifest/application": [
            {
              "xml": "<receiver android:name=\"com.adobe.phonegap.push.BackgroundActionButtonHandler\" />",
              "count": 11
            },
            {
              "xml": "<receiver android:name=\"com.adobe.phonegap.push.PushDismissedHandler\" />",
              "count": 11
            },
            {
              "xml": "<service android:name=\"com.adobe.phonegap.push.FCMService\"><intent-filter><action android:name=\"com.google.firebase.MESSAGING_EVENT\" /></intent-filter></service>",
              "count": 11
            },
            {
              "xml": "<service android:name=\"com.adobe.phonegap.push.PushInstanceIDListenerService\"><intent-filter><action android:name=\"com.google.firebase.INSTANCE_ID_EVENT\" /></intent-filter></service>",
              "count": 11
            },
            {
              "xml": "<application android:largeHeap=\"true\" android:usesCleartextTraffic=\"true\" />",
              "count": 9,
              "mode": "merge",
              "id": "config.xml",
              "oldAttrib": {
                "android:hardwareAccelerated": "true",
                "android:icon": "@mipmap/ic_launcher",
                "android:label": "@string/app_name",
                "android:largeHeap": "true",
                "android:supportsRtl": "true",
                "android:usesCleartextTraffic": "true"
              }
            },
            {
              "xml": "<meta-data android:name=\"firebase_analytics_collection_deactivated\" android:value=\"true\" />",
              "count": 8
            },
            {
              "xml": "<provider android:authorities=\"${applicationId}.darryncampbell.cordova.plugin.intent.fileprovider\" android:exported=\"false\" android:grantUriPermissions=\"true\" android:name=\"com.darryncampbell.cordova.plugin.intent.CordovaPluginIntentFileProvider\"><meta-data android:name=\"android.support.FILE_PROVIDER_PATHS\" android:resource=\"@xml/provider_paths\" /></provider>",
              "count": 7
            },
            {
              "xml": "<provider android:authorities=\"${applicationId}.localnotifications.provider\" android:exported=\"false\" android:grantUriPermissions=\"true\" android:name=\"de.appplant.cordova.plugin.notification.util.AssetProvider\"><meta-data android:name=\"android.support.FILE_PROVIDER_PATHS\" android:resource=\"@xml/localnotification_provider_paths\" /></provider>",
              "count": 6
            },
            {
              "xml": "<receiver android:exported=\"false\" android:name=\"de.appplant.cordova.plugin.localnotification.TriggerReceiver\" />",
              "count": 5
            },
            {
              "xml": "<receiver android:exported=\"false\" android:name=\"de.appplant.cordova.plugin.localnotification.ClearReceiver\" />",
              "count": 4
            },
            {
              "xml": "<service android:exported=\"false\" android:name=\"de.appplant.cordova.plugin.localnotification.ClickReceiver\" />",
              "count": 3
            },
            {
              "xml": "<receiver android:directBootAware=\"true\" android:exported=\"false\" android:name=\"de.appplant.cordova.plugin.localnotification.RestoreReceiver\"><intent-filter><action android:name=\"android.intent.action.LOCKED_BOOT_COMPLETED\" /><action android:name=\"android.intent.action.BOOT_COMPLETED\" /></intent-filter></receiver>",
              "count": 2
            },
            {
              "xml": "<activity android:exported=\"true\" android:name=\"com.adobe.phonegap.push.PushHandlerActivity\" android:permission=\"${applicationId}.permission.PushHandlerActivity\" />",
              "count": 1
            }
          ],
          "/manifest/application/activity": [
            {
              "xml": "<intent-filter><action android:name=\"com.darryncampbell.cordova.plugin.intent.ACTION\" /><category android:name=\"android.intent.category.DEFAULT\" /></intent-filter>",
              "count": 1
            },
            {
              "xml": "<intent-filter><action android:name=\"android.intent.action.VIEW\" /><category android:name=\"android.intent.category.DEFAULT\" /><category android:name=\"android.intent.category.BROWSABLE\" /><data android:scheme=\"mpu\" /></intent-filter>",
              "count": 1
            },
            {
              "xml": "<intent-filter><action android:name=\"android.intent.action.VIEW\" /><category android:name=\"android.intent.category.DEFAULT\" /><category android:name=\"android.intent.category.BROWSABLE\" /><data android:host=\" \" android:pathPrefix=\"/\" android:scheme=\" \" /></intent-filter>",
              "count": 1
            }
          ],
          "/manifest": [
            {
              "xml": "<uses-permission android:name=\"android.permission.READ_EXTERNAL_STORAGE\" />",
              "count": 1
            },
            {
              "xml": "<uses-permission android:name=\"android.permission.REQUEST_INSTALL_PACKAGES\" />",
              "count": 1
            },
            {
              "xml": "<uses-permission android:name=\"android.permission.RECEIVE_BOOT_COMPLETED\" />",
              "count": 1
            },
            {
              "xml": "<uses-permission android:name=\"android.permission.WAKE_LOCK\" />",
              "count": 2
            },
            {
              "xml": "<uses-permission android:name=\"android.permission.INTERNET\" />",
              "count": 2
            },
            {
              "xml": "<uses-permission android:name=\"android.permission.ACCESS_NETWORK_STATE\" />",
              "count": 1
            },
            {
              "xml": "<uses-permission android:name=\"android.permission.VIBRATE\" />",
              "count": 1
            }
          ],
          "/*": [
            {
              "xml": "<uses-permission android:name=\"android.permission.WRITE_EXTERNAL_STORAGE\" />",
              "count": 5
            },
            {
              "xml": "<uses-permission android:name=\"android.permission.READ_EXTERNAL_STORAGE\" />",
              "count": 2
            },
            {
              "xml": "<uses-permission android:name=\"android.permission.REQUEST_INSTALL_PACKAGES\" />",
              "count": 1
            },
            {
              "xml": "<uses-permission android:name=\"android.permission.RECORD_AUDIO\" />",
              "count": 2
            },
            {
              "xml": "<uses-permission android:name=\"android.permission.RECORD_VIDEO\" />",
              "count": 1
            },
            {
              "xml": "<uses-permission android:name=\"android.permission.ACCESS_NETWORK_STATE\" />",
              "count": 1
            },
            {
              "xml": "<uses-permission android:name=\"android.permission.ACCESS_COARSE_LOCATION\" />",
              "count": 1
            },
            {
              "xml": "<uses-permission android:name=\"android.permission.ACCESS_FINE_LOCATION\" />",
              "count": 1
            },
            {
              "xml": "<uses-feature android:name=\"android.hardware.location.gps\" android:required=\"false\" />",
              "count": 1
            },
            {
              "xml": "<uses-permission android:name=\"android.permission.CAMERA\" android:required=\"false\" />",
              "count": 1
            },
            {
              "xml": "<uses-feature android:name=\"android.hardware.camera\" android:required=\"false\" />",
              "count": 1
            },
            {
              "xml": "<uses-feature android:name=\"android.hardware.camera.front\" android:required=\"false\" />",
              "count": 1
            },
            {
              "xml": "<uses-permission android:name=\"android.permission.MODIFY_AUDIO_SETTINGS\" />",
              "count": 1
            },
            {
              "xml": "<uses-permission android:name=\"android.permission.READ_PHONE_STATE\" />",
              "count": 1
            },
            {
              "xml": "<uses-permission android:name=\"android.permission.BLUETOOTH\" />",
              "count": 1
            }
          ],
          "application": [
            {
              "xml": "<provider android:authorities=\"${applicationId}.provider\" android:exported=\"false\" android:grantUriPermissions=\"true\" android:name=\"org.apache.cordova.camera.FileProvider\"><meta-data android:name=\"android.support.FILE_PROVIDER_PATHS\" android:resource=\"@xml/camera_provider_paths\" /></provider>",
              "count": 1
            },
            {
              "xml": "<provider android:authorities=\"${applicationId}.fileOpener2.provider\" android:exported=\"false\" android:grantUriPermissions=\"true\" android:name=\"io.github.pwlin.cordova.plugins.fileopener2.FileProvider\"><meta-data android:name=\"android.support.FILE_PROVIDER_PATHS\" android:resource=\"@xml/opener_paths\" /></provider>",
              "count": 1
            }
          ]
        }
      },
      "res/xml/config.xml": {
        "parents": {
          "/*": [
            {
              "xml": "<feature name=\"IntentShim\"><param name=\"android-package\" value=\"com.darryncampbell.cordova.plugin.intent.IntentShim\" /><param name=\"onload\" value=\"true\" /></feature>",
              "count": 11
            },
            {
              "xml": "<feature name=\"Clipboard\"><param name=\"android-package\" value=\"com.verso.cordova.clipboard.Clipboard\" /></feature>",
              "count": 11
            },
            {
              "xml": "<feature name=\"CordovaHttpPlugin\"><param name=\"android-package\" value=\"com.silkimen.cordovahttp.CordovaHttpPlugin\" /></feature>",
              "count": 11
            },
            {
              "xml": "<feature name=\"Camera\"><param name=\"android-package\" value=\"org.apache.cordova.camera.CameraLauncher\" /></feature>",
              "count": 11
            },
            {
              "xml": "<feature name=\"LaunchMyApp\"><param name=\"android-package\" value=\"nl.xservices.plugins.LaunchMyApp\" /></feature>",
              "count": 11
            },
            {
              "xml": "<feature name=\"Device\"><param name=\"android-package\" value=\"org.apache.cordova.device.Device\" /></feature>",
              "count": 11
            },
            {
              "xml": "<feature name=\"File\"><param name=\"android-package\" value=\"org.apache.cordova.file.FileUtils\" /><param name=\"onload\" value=\"true\" /></feature>",
              "count": 11
            },
            {
              "xml": "<allow-navigation href=\"cdvfile:*\" />",
              "count": 11
            },
            {
              "xml": "<feature name=\"FileOpener2\"><param name=\"android-package\" value=\"io.github.pwlin.cordova.plugins.fileopener2.FileOpener2\" /></feature>",
              "count": 11
            },
            {
              "xml": "<feature name=\"FileTransfer\"><param name=\"android-package\" value=\"org.apache.cordova.filetransfer.FileTransfer\" /></feature>",
              "count": 11
            },
            {
              "xml": "<feature name=\"Geolocation\"><param name=\"android-package\" value=\"org.apache.cordova.geolocation.Geolocation\" /></feature>",
              "count": 11
            },
            {
              "xml": "<feature name=\"Globalization\"><param name=\"android-package\" value=\"org.apache.cordova.globalization.Globalization\" /></feature>",
              "count": 11
            },
            {
              "xml": "<feature name=\"InAppBrowser\"><param name=\"android-package\" value=\"org.apache.cordova.inappbrowser.InAppBrowser\" /></feature>",
              "count": 11
            },
            {
              "xml": "<feature name=\"LocalNotification\"><param name=\"android-package\" value=\"de.appplant.cordova.plugin.localnotification.LocalNotification\" /></feature>",
              "count": 11
            },
            {
              "xml": "<feature name=\"Capture\"><param name=\"android-package\" value=\"org.apache.cordova.mediacapture.Capture\" /></feature>",
              "count": 11
            },
            {
              "xml": "<feature name=\"NetworkStatus\"><param name=\"android-package\" value=\"org.apache.cordova.networkinformation.NetworkManager\" /></feature>",
              "count": 11
            },
            {
              "xml": "<feature name=\"QRScanner\"><param name=\"android-package\" value=\"com.bitpay.cordova.qrscanner.QRScanner\" /></feature>",
              "count": 11
            },
            {
              "xml": "<feature name=\"CDVOrientation\"><param name=\"android-package\" value=\"cordova.plugins.screenorientation.CDVOrientation\" /></feature>",
              "count": 11
            },
            {
              "xml": "<feature name=\"SplashScreen\"><param name=\"android-package\" value=\"org.apache.cordova.splashscreen.SplashScreen\" /><param name=\"onload\" value=\"true\" /></feature>",
              "count": 11
            },
            {
              "xml": "<feature name=\"StatusBar\"><param name=\"android-package\" value=\"org.apache.cordova.statusbar.StatusBar\" /><param name=\"onload\" value=\"true\" /></feature>",
              "count": 11
            },
            {
              "xml": "<feature name=\"Whitelist\"><param name=\"android-package\" value=\"org.apache.cordova.whitelist.WhitelistPlugin\" /><param name=\"onload\" value=\"true\" /></feature>",
              "count": 11
            },
            {
              "xml": "<feature name=\"SQLitePlugin\"><param name=\"android-package\" value=\"io.sqlc.SQLitePlugin\" /></feature>",
              "count": 11
            },
            {
              "xml": "<feature name=\"PushNotification\"><param name=\"android-package\" value=\"com.adobe.phonegap.push.PushPlugin\" /></feature>",
              "count": 11
            },
            {
              "xml": "<feature name=\"Media\"><param name=\"android-package\" value=\"org.apache.cordova.media.AudioHandler\" /></feature>",
              "count": 11
            }
          ],
          "/widget": [
            {
              "xml": "<feature name=\"Zip\"><param name=\"android-package\" value=\"org.apache.cordova.Zip\" /></feature>",
              "count": 1
            }
          ]
        }
      },
      "config.xml": {
        "parents": {
          "/*": [
            {
              "xml": "<feature name=\"Badge\"><param name=\"android-package\" value=\"de.appplant.cordova.plugin.badge.Badge\" /></feature>",
              "count": 1
            },
            {
              "xml": "<feature name=\"Keyboard\"><param name=\"android-package\" onload=\"true\" value=\"io.ionic.keyboard.IonicKeyboard\" /></feature>",
              "count": 1
            },
            {
              "xml": "<feature name=\"Chooser\"><param name=\"android-package\" value=\"com.cyph.cordova.Chooser\" /></feature>",
              "count": 1
            },
            {
              "xml": "<feature name=\"Diagnostic\"><param name=\"android-package\" value=\"cordova.plugins.Diagnostic\" /><param name=\"onload\" value=\"true\" /></feature>",
              "count": 1
            },
            {
              "xml": "<feature name=\"Diagnostic_Location\"><param name=\"android-package\" value=\"cordova.plugins.Diagnostic_Location\" /><param name=\"onload\" value=\"true\" /></feature>",
              "count": 1
            },
            {
              "xml": "<feature name=\"Diagnostic_Bluetooth\"><param name=\"android-package\" value=\"cordova.plugins.Diagnostic_Bluetooth\" /><param name=\"onload\" value=\"true\" /></feature>",
              "count": 1
            },
            {
              "xml": "<feature name=\"Diagnostic_Wifi\"><param name=\"android-package\" value=\"cordova.plugins.Diagnostic_Wifi\" /><param name=\"onload\" value=\"true\" /></feature>",
              "count": 1
            },
            {
              "xml": "<feature name=\"Diagnostic_Camera\"><param name=\"android-package\" value=\"cordova.plugins.Diagnostic_Camera\" /><param name=\"onload\" value=\"true\" /></feature>",
              "count": 1
            },
            {
              "xml": "<feature name=\"Diagnostic_Notifications\"><param name=\"android-package\" value=\"cordova.plugins.Diagnostic_Notifications\" /><param name=\"onload\" value=\"true\" /></feature>",
              "count": 1
            },
            {
              "xml": "<feature name=\"Diagnostic_NFC\"><param name=\"android-package\" value=\"cordova.plugins.Diagnostic_NFC\" /><param name=\"onload\" value=\"true\" /></feature>",
              "count": 1
            },
            {
              "xml": "<feature name=\"Diagnostic_External_Storage\"><param name=\"android-package\" value=\"cordova.plugins.Diagnostic_External_Storage\" /><param name=\"onload\" value=\"true\" /></feature>",
              "count": 1
            }
          ]
        }
      }
    }
  },
  "installed_plugins": {
    "com-darryncampbell-cordova-plugin-intent": {
      "PACKAGE_NAME": "com.vidyamantra.cmoodleapp220"
    },
    "cordova-android-support-gradle-release": {
      "ANDROID_SUPPORT_VERSION": "27.1.0",
      "PACKAGE_NAME": "com.vidyamantra.cmoodleapp220"
    },
    "cordova-clipboard": {
      "PACKAGE_NAME": "com.vidyamantra.cmoodleapp220"
    },
    "cordova-plugin-badge": {
      "PACKAGE_NAME": "com.vidyamantra.cmoodleapp220"
    },
    "cordova-plugin-camera": {
      "ANDROID_SUPPORT_V4_VERSION": "27.+",
      "PACKAGE_NAME": "com.vidyamantra.cmoodleapp220"
    },
    "cordova-plugin-customurlscheme": {
      "URL_SCHEME": "mpu",
      "ANDROID_SCHEME": " ",
      "ANDROID_HOST": " ",
      "ANDROID_PATHPREFIX": "/",
      "PACKAGE_NAME": "com.vidyamantra.cmoodleapp220"
    },
    "cordova-plugin-device": {
      "PACKAGE_NAME": "com.vidyamantra.cmoodleapp220"
    },
    "cordova-plugin-file": {
      "PACKAGE_NAME": "com.vidyamantra.cmoodleapp220"
    },
    "cordova-plugin-file-opener2": {
      "ANDROID_SUPPORT_V4_VERSION": "27.+",
      "PACKAGE_NAME": "com.vidyamantra.cmoodleapp220"
    },
    "cordova-plugin-file-transfer": {
      "PACKAGE_NAME": "com.vidyamantra.cmoodleapp220"
    },
    "cordova-plugin-globalization": {
      "PACKAGE_NAME": "com.vidyamantra.cmoodleapp220"
    },
    "cordova-plugin-inappbrowser": {
      "PACKAGE_NAME": "com.vidyamantra.cmoodleapp220"
    },
    "cordova-plugin-ionic-keyboard": {
      "PACKAGE_NAME": "com.vidyamantra.cmoodleapp220"
    },
    "cordova-plugin-local-notification": {
      "ANDROID_SUPPORT_V4_VERSION": "26.+",
      "PACKAGE_NAME": "com.vidyamantra.cmoodleapp220"
    },
    "cordova-plugin-media-capture": {
      "PACKAGE_NAME": "com.vidyamantra.cmoodleapp220"
    },
    "cordova-plugin-network-information": {
      "PACKAGE_NAME": "com.vidyamantra.cmoodleapp220"
    },
    "es6-promise-plugin": {
      "PACKAGE_NAME": "com.vidyamantra.cmoodleapp220"
    },
    "cordova-plugin-screen-orientation": {
      "PACKAGE_NAME": "com.vidyamantra.cmoodleapp220"
    },
    "cordova-plugin-splashscreen": {
      "PACKAGE_NAME": "com.vidyamantra.cmoodleapp220"
    },
    "cordova-plugin-statusbar": {
      "PACKAGE_NAME": "com.vidyamantra.cmoodleapp220"
    },
    "cordova-plugin-whitelist": {
      "PACKAGE_NAME": "com.vidyamantra.cmoodleapp220"
    },
    "cordova-plugin-zip": {
      "PACKAGE_NAME": "com.vidyamantra.cmoodleapp220"
    },
    "cordova-sqlite-storage": {
      "PACKAGE_NAME": "com.vidyamantra.cmoodleapp220"
    },
    "nl.kingsquare.cordova.background-audio": {
      "PACKAGE_NAME": "com.vidyamantra.cmoodleapp220"
    },
    "cordova-support-google-services": {
      "PACKAGE_NAME": "com.vidyamantra.cmoodleapp220"
    },
    "phonegap-plugin-multidex": {
      "PACKAGE_NAME": "com.vidyamantra.cmoodleapp220"
    },
    "phonegap-plugin-push": {
      "ANDROID_SUPPORT_V13_VERSION": "27.+",
      "FCM_VERSION": "17.5.+",
      "PACKAGE_NAME": "com.vidyamantra.cmoodleapp220"
    },
    "cordova-plugin-geolocation": {
      "GPS_REQUIRED": "false",
      "PACKAGE_NAME": "com.vidyamantra.cmoodleapp220"
    },
    "cordova-plugin-ionic-webview": {
      "PACKAGE_NAME": "com.vidyamantra.cmoodleapp220"
    },
    "cordova-plugin-advanced-http": {
      "OKHTTP_VERSION": "3.10.0",
      "PACKAGE_NAME": "com.vidyamantra.cmoodleapp220"
    },
    "cordova-plugin-wkwebview-cookies": {
      "PACKAGE_NAME": "com.vidyamantra.cmoodleapp220"
    },
    "cordova-plugin-qrscanner": {
      "PACKAGE_NAME": "com.vidyamantra.cmoodleapp220"
    },
    "cordova-plugin-chooser": {
      "PACKAGE_NAME": "com.vidyamantra.cmoodleapp220"
    },
    "cordova-plugin-wkuserscript": {
      "PACKAGE_NAME": "com.vidyamantra.cmoodleapp220"
    },
    "cordova-plugin-media": {
      "PACKAGE_NAME": "com.vidyamantra.cmoodleapp220"
    },
    "cordova.plugins.diagnostic": {
      "ANDROID_SUPPORT_VERSION": "28.+",
      "PACKAGE_NAME": "com.vidyamantra.cmoodleapp220"
    }
  },
  "dependent_plugins": {},
  "modules": [
    {
      "id": "com-darryncampbell-cordova-plugin-intent.IntentShim",
      "file": "plugins/com-darryncampbell-cordova-plugin-intent/www/IntentShim.js",
      "pluginId": "com-darryncampbell-cordova-plugin-intent",
      "clobbers": [
        "intentShim"
      ]
    },
    {
      "id": "cordova-clipboard.Clipboard",
      "file": "plugins/cordova-clipboard/www/clipboard.js",
      "pluginId": "cordova-clipboard",
      "clobbers": [
        "cordova.plugins.clipboard"
      ]
    },
    {
      "id": "cordova-plugin-badge.Badge",
      "file": "plugins/cordova-plugin-badge/www/badge.js",
      "pluginId": "cordova-plugin-badge",
      "clobbers": [
        "cordova.plugins.notification.badge"
      ]
    },
    {
      "id": "cordova-plugin-camera.Camera",
      "file": "plugins/cordova-plugin-camera/www/CameraConstants.js",
      "pluginId": "cordova-plugin-camera",
      "clobbers": [
        "Camera"
      ]
    },
    {
      "id": "cordova-plugin-camera.CameraPopoverOptions",
      "file": "plugins/cordova-plugin-camera/www/CameraPopoverOptions.js",
      "pluginId": "cordova-plugin-camera",
      "clobbers": [
        "CameraPopoverOptions"
      ]
    },
    {
      "id": "cordova-plugin-camera.camera",
      "file": "plugins/cordova-plugin-camera/www/Camera.js",
      "pluginId": "cordova-plugin-camera",
      "clobbers": [
        "navigator.camera"
      ]
    },
    {
      "id": "cordova-plugin-camera.CameraPopoverHandle",
      "file": "plugins/cordova-plugin-camera/www/CameraPopoverHandle.js",
      "pluginId": "cordova-plugin-camera",
      "clobbers": [
        "CameraPopoverHandle"
      ]
    },
    {
      "id": "cordova-plugin-customurlscheme.LaunchMyApp",
      "file": "plugins/cordova-plugin-customurlscheme/www/android/LaunchMyApp.js",
      "pluginId": "cordova-plugin-customurlscheme",
      "clobbers": [
        "window.plugins.launchmyapp"
      ]
    },
    {
      "id": "cordova-plugin-device.device",
      "file": "plugins/cordova-plugin-device/www/device.js",
      "pluginId": "cordova-plugin-device",
      "clobbers": [
        "device"
      ]
    },
    {
      "id": "cordova-plugin-file.DirectoryEntry",
      "file": "plugins/cordova-plugin-file/www/DirectoryEntry.js",
      "pluginId": "cordova-plugin-file",
      "clobbers": [
        "window.DirectoryEntry"
      ]
    },
    {
      "id": "cordova-plugin-file.DirectoryReader",
      "file": "plugins/cordova-plugin-file/www/DirectoryReader.js",
      "pluginId": "cordova-plugin-file",
      "clobbers": [
        "window.DirectoryReader"
      ]
    },
    {
      "id": "cordova-plugin-file.Entry",
      "file": "plugins/cordova-plugin-file/www/Entry.js",
      "pluginId": "cordova-plugin-file",
      "clobbers": [
        "window.Entry"
      ]
    },
    {
      "id": "cordova-plugin-file.File",
      "file": "plugins/cordova-plugin-file/www/File.js",
      "pluginId": "cordova-plugin-file",
      "clobbers": [
        "window.File"
      ]
    },
    {
      "id": "cordova-plugin-file.FileEntry",
      "file": "plugins/cordova-plugin-file/www/FileEntry.js",
      "pluginId": "cordova-plugin-file",
      "clobbers": [
        "window.FileEntry"
      ]
    },
    {
      "id": "cordova-plugin-file.FileError",
      "file": "plugins/cordova-plugin-file/www/FileError.js",
      "pluginId": "cordova-plugin-file",
      "clobbers": [
        "window.FileError"
      ]
    },
    {
      "id": "cordova-plugin-file.FileReader",
      "file": "plugins/cordova-plugin-file/www/FileReader.js",
      "pluginId": "cordova-plugin-file",
      "clobbers": [
        "window.FileReader"
      ]
    },
    {
      "id": "cordova-plugin-file.FileSystem",
      "file": "plugins/cordova-plugin-file/www/FileSystem.js",
      "pluginId": "cordova-plugin-file",
      "clobbers": [
        "window.FileSystem"
      ]
    },
    {
      "id": "cordova-plugin-file.FileUploadOptions",
      "file": "plugins/cordova-plugin-file/www/FileUploadOptions.js",
      "pluginId": "cordova-plugin-file",
      "clobbers": [
        "window.FileUploadOptions"
      ]
    },
    {
      "id": "cordova-plugin-file.FileUploadResult",
      "file": "plugins/cordova-plugin-file/www/FileUploadResult.js",
      "pluginId": "cordova-plugin-file",
      "clobbers": [
        "window.FileUploadResult"
      ]
    },
    {
      "id": "cordova-plugin-file.FileWriter",
      "file": "plugins/cordova-plugin-file/www/FileWriter.js",
      "pluginId": "cordova-plugin-file",
      "clobbers": [
        "window.FileWriter"
      ]
    },
    {
      "id": "cordova-plugin-file.Flags",
      "file": "plugins/cordova-plugin-file/www/Flags.js",
      "pluginId": "cordova-plugin-file",
      "clobbers": [
        "window.Flags"
      ]
    },
    {
      "id": "cordova-plugin-file.LocalFileSystem",
      "file": "plugins/cordova-plugin-file/www/LocalFileSystem.js",
      "pluginId": "cordova-plugin-file",
      "clobbers": [
        "window.LocalFileSystem"
      ],
      "merges": [
        "window"
      ]
    },
    {
      "id": "cordova-plugin-file.Metadata",
      "file": "plugins/cordova-plugin-file/www/Metadata.js",
      "pluginId": "cordova-plugin-file",
      "clobbers": [
        "window.Metadata"
      ]
    },
    {
      "id": "cordova-plugin-file.ProgressEvent",
      "file": "plugins/cordova-plugin-file/www/ProgressEvent.js",
      "pluginId": "cordova-plugin-file",
      "clobbers": [
        "window.ProgressEvent"
      ]
    },
    {
      "id": "cordova-plugin-file.fileSystems",
      "file": "plugins/cordova-plugin-file/www/fileSystems.js",
      "pluginId": "cordova-plugin-file"
    },
    {
      "id": "cordova-plugin-file.requestFileSystem",
      "file": "plugins/cordova-plugin-file/www/requestFileSystem.js",
      "pluginId": "cordova-plugin-file",
      "clobbers": [
        "window.requestFileSystem"
      ]
    },
    {
      "id": "cordova-plugin-file.resolveLocalFileSystemURI",
      "file": "plugins/cordova-plugin-file/www/resolveLocalFileSystemURI.js",
      "pluginId": "cordova-plugin-file",
      "merges": [
        "window"
      ]
    },
    {
      "id": "cordova-plugin-file.isChrome",
      "file": "plugins/cordova-plugin-file/www/browser/isChrome.js",
      "pluginId": "cordova-plugin-file",
      "runs": true
    },
    {
      "id": "cordova-plugin-file.androidFileSystem",
      "file": "plugins/cordova-plugin-file/www/android/FileSystem.js",
      "pluginId": "cordova-plugin-file",
      "merges": [
        "FileSystem"
      ]
    },
    {
      "id": "cordova-plugin-file.fileSystems-roots",
      "file": "plugins/cordova-plugin-file/www/fileSystems-roots.js",
      "pluginId": "cordova-plugin-file",
      "runs": true
    },
    {
      "id": "cordova-plugin-file.fileSystemPaths",
      "file": "plugins/cordova-plugin-file/www/fileSystemPaths.js",
      "pluginId": "cordova-plugin-file",
      "merges": [
        "cordova"
      ],
      "runs": true
    },
    {
      "id": "cordova-plugin-file-opener2.FileOpener2",
      "file": "plugins/cordova-plugin-file-opener2/www/plugins.FileOpener2.js",
      "pluginId": "cordova-plugin-file-opener2",
      "clobbers": [
        "cordova.plugins.fileOpener2"
      ]
    },
    {
      "id": "cordova-plugin-file-transfer.FileTransferError",
      "file": "plugins/cordova-plugin-file-transfer/www/FileTransferError.js",
      "pluginId": "cordova-plugin-file-transfer",
      "clobbers": [
        "window.FileTransferError"
      ]
    },
    {
      "id": "cordova-plugin-file-transfer.FileTransfer",
      "file": "plugins/cordova-plugin-file-transfer/www/FileTransfer.js",
      "pluginId": "cordova-plugin-file-transfer",
      "clobbers": [
        "window.FileTransfer"
      ]
    },
    {
      "id": "cordova-plugin-globalization.GlobalizationError",
      "file": "plugins/cordova-plugin-globalization/www/GlobalizationError.js",
      "pluginId": "cordova-plugin-globalization",
      "clobbers": [
        "window.GlobalizationError"
      ]
    },
    {
      "id": "cordova-plugin-globalization.globalization",
      "file": "plugins/cordova-plugin-globalization/www/globalization.js",
      "pluginId": "cordova-plugin-globalization",
      "clobbers": [
        "navigator.globalization"
      ]
    },
    {
      "id": "cordova-plugin-inappbrowser.inappbrowser",
      "file": "plugins/cordova-plugin-inappbrowser/www/inappbrowser.js",
      "pluginId": "cordova-plugin-inappbrowser",
      "clobbers": [
        "cordova.InAppBrowser.open"
      ]
    },
    {
      "id": "cordova-plugin-ionic-keyboard.keyboard",
      "file": "plugins/cordova-plugin-ionic-keyboard/www/android/keyboard.js",
      "pluginId": "cordova-plugin-ionic-keyboard",
      "clobbers": [
        "window.Keyboard"
      ]
    },
    {
      "id": "cordova-plugin-local-notification.LocalNotification",
      "file": "plugins/cordova-plugin-local-notification/www/local-notification.js",
      "pluginId": "cordova-plugin-local-notification",
      "clobbers": [
        "cordova.plugins.notification.local"
      ]
    },
    {
      "id": "cordova-plugin-media-capture.CaptureAudioOptions",
      "file": "plugins/cordova-plugin-media-capture/www/CaptureAudioOptions.js",
      "pluginId": "cordova-plugin-media-capture",
      "clobbers": [
        "CaptureAudioOptions"
      ]
    },
    {
      "id": "cordova-plugin-media-capture.CaptureImageOptions",
      "file": "plugins/cordova-plugin-media-capture/www/CaptureImageOptions.js",
      "pluginId": "cordova-plugin-media-capture",
      "clobbers": [
        "CaptureImageOptions"
      ]
    },
    {
      "id": "cordova-plugin-media-capture.CaptureVideoOptions",
      "file": "plugins/cordova-plugin-media-capture/www/CaptureVideoOptions.js",
      "pluginId": "cordova-plugin-media-capture",
      "clobbers": [
        "CaptureVideoOptions"
      ]
    },
    {
      "id": "cordova-plugin-media-capture.CaptureError",
      "file": "plugins/cordova-plugin-media-capture/www/CaptureError.js",
      "pluginId": "cordova-plugin-media-capture",
      "clobbers": [
        "CaptureError"
      ]
    },
    {
      "id": "cordova-plugin-media-capture.MediaFileData",
      "file": "plugins/cordova-plugin-media-capture/www/MediaFileData.js",
      "pluginId": "cordova-plugin-media-capture",
      "clobbers": [
        "MediaFileData"
      ]
    },
    {
      "id": "cordova-plugin-media-capture.MediaFile",
      "file": "plugins/cordova-plugin-media-capture/www/MediaFile.js",
      "pluginId": "cordova-plugin-media-capture",
      "clobbers": [
        "MediaFile"
      ]
    },
    {
      "id": "cordova-plugin-media-capture.helpers",
      "file": "plugins/cordova-plugin-media-capture/www/helpers.js",
      "pluginId": "cordova-plugin-media-capture",
      "runs": true
    },
    {
      "id": "cordova-plugin-media-capture.capture",
      "file": "plugins/cordova-plugin-media-capture/www/capture.js",
      "pluginId": "cordova-plugin-media-capture",
      "clobbers": [
        "navigator.device.capture"
      ]
    },
    {
      "id": "cordova-plugin-media-capture.init",
      "file": "plugins/cordova-plugin-media-capture/www/android/init.js",
      "pluginId": "cordova-plugin-media-capture",
      "runs": true
    },
    {
      "id": "cordova-plugin-network-information.network",
      "file": "plugins/cordova-plugin-network-information/www/network.js",
      "pluginId": "cordova-plugin-network-information",
      "clobbers": [
        "navigator.connection",
        "navigator.network.connection"
      ]
    },
    {
      "id": "cordova-plugin-network-information.Connection",
      "file": "plugins/cordova-plugin-network-information/www/Connection.js",
      "pluginId": "cordova-plugin-network-information",
      "clobbers": [
        "Connection"
      ]
    },
    {
      "id": "es6-promise-plugin.Promise",
      "file": "plugins/es6-promise-plugin/www/promise.js",
      "pluginId": "es6-promise-plugin",
      "runs": true
    },
    {
      "id": "cordova-plugin-screen-orientation.screenorientation",
      "file": "plugins/cordova-plugin-screen-orientation/www/screenorientation.js",
      "pluginId": "cordova-plugin-screen-orientation",
      "clobbers": [
        "cordova.plugins.screenorientation"
      ]
    },
    {
      "id": "cordova-plugin-splashscreen.SplashScreen",
      "file": "plugins/cordova-plugin-splashscreen/www/splashscreen.js",
      "pluginId": "cordova-plugin-splashscreen",
      "clobbers": [
        "navigator.splashscreen"
      ]
    },
    {
      "id": "cordova-plugin-statusbar.statusbar",
      "file": "plugins/cordova-plugin-statusbar/www/statusbar.js",
      "pluginId": "cordova-plugin-statusbar",
      "clobbers": [
        "window.StatusBar"
      ]
    },
    {
      "id": "cordova-plugin-zip.Zip",
      "file": "plugins/cordova-plugin-zip/zip.js",
      "pluginId": "cordova-plugin-zip",
      "clobbers": [
        "zip"
      ]
    },
    {
      "id": "cordova-sqlite-storage.SQLitePlugin",
      "file": "plugins/cordova-sqlite-storage/www/SQLitePlugin.js",
      "pluginId": "cordova-sqlite-storage",
      "clobbers": [
        "SQLitePlugin"
      ]
    },
    {
      "id": "phonegap-plugin-push.PushNotification",
      "file": "plugins/phonegap-plugin-push/www/push.js",
      "pluginId": "phonegap-plugin-push",
      "clobbers": [
        "PushNotification"
      ]
    },
    {
      "id": "cordova-plugin-geolocation.geolocation",
      "file": "plugins/cordova-plugin-geolocation/www/android/geolocation.js",
      "pluginId": "cordova-plugin-geolocation",
      "clobbers": [
        "navigator.geolocation"
      ]
    },
    {
      "id": "cordova-plugin-geolocation.PositionError",
      "file": "plugins/cordova-plugin-geolocation/www/PositionError.js",
      "pluginId": "cordova-plugin-geolocation",
      "runs": true
    },
    {
      "id": "cordova-plugin-ionic-webview.IonicWebView",
      "file": "plugins/cordova-plugin-ionic-webview/src/www/util.js",
      "pluginId": "cordova-plugin-ionic-webview",
      "clobbers": [
        "Ionic.WebView"
      ]
    },
    {
      "id": "cordova-plugin-advanced-http.cookie-handler",
      "file": "plugins/cordova-plugin-advanced-http/www/cookie-handler.js",
      "pluginId": "cordova-plugin-advanced-http"
    },
    {
      "id": "cordova-plugin-advanced-http.dependency-validator",
      "file": "plugins/cordova-plugin-advanced-http/www/dependency-validator.js",
      "pluginId": "cordova-plugin-advanced-http"
    },
    {
      "id": "cordova-plugin-advanced-http.error-codes",
      "file": "plugins/cordova-plugin-advanced-http/www/error-codes.js",
      "pluginId": "cordova-plugin-advanced-http"
    },
    {
      "id": "cordova-plugin-advanced-http.global-configs",
      "file": "plugins/cordova-plugin-advanced-http/www/global-configs.js",
      "pluginId": "cordova-plugin-advanced-http"
    },
    {
      "id": "cordova-plugin-advanced-http.helpers",
      "file": "plugins/cordova-plugin-advanced-http/www/helpers.js",
      "pluginId": "cordova-plugin-advanced-http"
    },
    {
      "id": "cordova-plugin-advanced-http.js-util",
      "file": "plugins/cordova-plugin-advanced-http/www/js-util.js",
      "pluginId": "cordova-plugin-advanced-http"
    },
    {
      "id": "cordova-plugin-advanced-http.local-storage-store",
      "file": "plugins/cordova-plugin-advanced-http/www/local-storage-store.js",
      "pluginId": "cordova-plugin-advanced-http"
    },
    {
      "id": "cordova-plugin-advanced-http.lodash",
      "file": "plugins/cordova-plugin-advanced-http/www/lodash.js",
      "pluginId": "cordova-plugin-advanced-http"
    },
    {
      "id": "cordova-plugin-advanced-http.messages",
      "file": "plugins/cordova-plugin-advanced-http/www/messages.js",
      "pluginId": "cordova-plugin-advanced-http"
    },
    {
      "id": "cordova-plugin-advanced-http.ponyfills",
      "file": "plugins/cordova-plugin-advanced-http/www/ponyfills.js",
      "pluginId": "cordova-plugin-advanced-http"
    },
    {
      "id": "cordova-plugin-advanced-http.public-interface",
      "file": "plugins/cordova-plugin-advanced-http/www/public-interface.js",
      "pluginId": "cordova-plugin-advanced-http"
    },
    {
      "id": "cordova-plugin-advanced-http.tough-cookie",
      "file": "plugins/cordova-plugin-advanced-http/www/umd-tough-cookie.js",
      "pluginId": "cordova-plugin-advanced-http"
    },
    {
      "id": "cordova-plugin-advanced-http.url-util",
      "file": "plugins/cordova-plugin-advanced-http/www/url-util.js",
      "pluginId": "cordova-plugin-advanced-http"
    },
    {
      "id": "cordova-plugin-advanced-http.http",
      "file": "plugins/cordova-plugin-advanced-http/www/advanced-http.js",
      "pluginId": "cordova-plugin-advanced-http",
      "clobbers": [
        "cordova.plugin.http"
      ]
    },
    {
      "id": "cordova-plugin-wkwebview-cookies.WKWebViewCookies",
      "file": "plugins/cordova-plugin-wkwebview-cookies/www/wkwebview-cookies.js",
      "pluginId": "cordova-plugin-wkwebview-cookies",
      "clobbers": [
        "window.WKWebViewCookies"
      ]
    },
    {
      "id": "cordova-plugin-qrscanner.QRScanner",
      "file": "plugins/cordova-plugin-qrscanner/www/www.min.js",
      "pluginId": "cordova-plugin-qrscanner",
      "clobbers": [
        "QRScanner"
      ]
    },
    {
      "id": "cordova-plugin-chooser.Chooser",
      "file": "plugins/cordova-plugin-chooser/www/chooser.js",
      "pluginId": "cordova-plugin-chooser",
      "clobbers": [
        "chooser"
      ]
    },
    {
      "id": "cordova-plugin-wkuserscript.WKUserScript",
      "file": "plugins/cordova-plugin-wkuserscript/www/wkuserscript.js",
      "pluginId": "cordova-plugin-wkuserscript",
      "clobbers": [
        "window.WKUserScript"
      ]
    },
    {
      "id": "cordova-plugin-media.MediaError",
      "file": "plugins/cordova-plugin-media/www/MediaError.js",
      "pluginId": "cordova-plugin-media",
      "clobbers": [
        "window.MediaError"
      ]
    },
    {
      "id": "cordova-plugin-media.Media",
      "file": "plugins/cordova-plugin-media/www/Media.js",
      "pluginId": "cordova-plugin-media",
      "clobbers": [
        "window.Media"
      ]
    },
    {
      "id": "cordova.plugins.diagnostic.Diagnostic",
      "file": "plugins/cordova.plugins.diagnostic/www/android/diagnostic.js",
      "pluginId": "cordova.plugins.diagnostic",
      "merges": [
        "cordova.plugins.diagnostic"
      ]
    },
    {
      "id": "cordova.plugins.diagnostic.Diagnostic_Location",
      "file": "plugins/cordova.plugins.diagnostic/www/android/diagnostic.location.js",
      "pluginId": "cordova.plugins.diagnostic",
      "merges": [
        "cordova.plugins.diagnostic.location"
      ]
    },
    {
      "id": "cordova.plugins.diagnostic.Diagnostic_Bluetooth",
      "file": "plugins/cordova.plugins.diagnostic/www/android/diagnostic.bluetooth.js",
      "pluginId": "cordova.plugins.diagnostic",
      "merges": [
        "cordova.plugins.diagnostic.bluetooth"
      ]
    },
    {
      "id": "cordova.plugins.diagnostic.Diagnostic_Wifi",
      "file": "plugins/cordova.plugins.diagnostic/www/android/diagnostic.wifi.js",
      "pluginId": "cordova.plugins.diagnostic",
      "merges": [
        "cordova.plugins.diagnostic.wifi"
      ]
    },
    {
      "id": "cordova.plugins.diagnostic.Diagnostic_Camera",
      "file": "plugins/cordova.plugins.diagnostic/www/android/diagnostic.camera.js",
      "pluginId": "cordova.plugins.diagnostic",
      "merges": [
        "cordova.plugins.diagnostic.camera"
      ]
    },
    {
      "id": "cordova.plugins.diagnostic.Diagnostic_Notifications",
      "file": "plugins/cordova.plugins.diagnostic/www/android/diagnostic.notifications.js",
      "pluginId": "cordova.plugins.diagnostic",
      "merges": [
        "cordova.plugins.diagnostic.notifications"
      ]
    },
    {
      "id": "cordova.plugins.diagnostic.Diagnostic_Microphone",
      "file": "plugins/cordova.plugins.diagnostic/www/android/diagnostic.microphone.js",
      "pluginId": "cordova.plugins.diagnostic",
      "merges": [
        "cordova.plugins.diagnostic.microphone"
      ]
    },
    {
      "id": "cordova.plugins.diagnostic.Diagnostic_Contacts",
      "file": "plugins/cordova.plugins.diagnostic/www/android/diagnostic.contacts.js",
      "pluginId": "cordova.plugins.diagnostic",
      "merges": [
        "cordova.plugins.diagnostic.contacts"
      ]
    },
    {
      "id": "cordova.plugins.diagnostic.Diagnostic_Calendar",
      "file": "plugins/cordova.plugins.diagnostic/www/android/diagnostic.calendar.js",
      "pluginId": "cordova.plugins.diagnostic",
      "merges": [
        "cordova.plugins.diagnostic.calendar"
      ]
    },
    {
      "id": "cordova.plugins.diagnostic.Diagnostic_NFC",
      "file": "plugins/cordova.plugins.diagnostic/www/android/diagnostic.nfc.js",
      "pluginId": "cordova.plugins.diagnostic",
      "merges": [
        "cordova.plugins.diagnostic.nfc"
      ]
    },
    {
      "id": "cordova.plugins.diagnostic.Diagnostic_External_Storage",
      "file": "plugins/cordova.plugins.diagnostic/www/android/diagnostic.external_storage.js",
      "pluginId": "cordova.plugins.diagnostic",
      "merges": [
        "cordova.plugins.diagnostic.external_storage"
      ]
    }
  ],
  "plugin_metadata": {
    "com-darryncampbell-cordova-plugin-intent": "1.3.0",
    "cordova-android-support-gradle-release": "3.0.1",
    "cordova-clipboard": "1.3.0",
    "cordova-plugin-badge": "0.8.8",
    "cordova-plugin-camera": "4.1.0",
    "cordova-plugin-customurlscheme": "5.0.1",
    "cordova-plugin-device": "2.0.3",
    "cordova-plugin-file": "6.0.2",
    "cordova-plugin-file-opener2": "3.0.4",
    "cordova-plugin-file-transfer": "1.7.1",
    "cordova-plugin-globalization": "1.11.0",
    "cordova-plugin-inappbrowser": "4.0.0",
    "cordova-plugin-ionic-keyboard": "2.1.3",
    "cordova-plugin-local-notification": "0.9.0-beta.3",
    "cordova-plugin-media-capture": "3.0.3",
    "cordova-plugin-network-information": "2.0.2",
    "es6-promise-plugin": "4.2.2",
    "cordova-plugin-screen-orientation": "3.0.2",
    "cordova-plugin-splashscreen": "6.0.0",
    "cordova-plugin-statusbar": "2.4.3",
    "cordova-plugin-whitelist": "1.3.4",
    "cordova-plugin-zip": "3.1.0",
    "cordova-sqlite-storage": "4.0.0",
    "nl.kingsquare.cordova.background-audio": "1.0.1",
    "cordova-support-google-services": "1.2.1",
    "phonegap-plugin-multidex": "1.0.0",
    "phonegap-plugin-push": "2.2.3",
    "cordova-plugin-geolocation": "4.0.3-dev",
    "cordova-plugin-ionic-webview": "5.0.0",
    "cordova-plugin-advanced-http": "2.4.1",
    "cordova-plugin-wkwebview-cookies": "1.0.0",
    "cordova-plugin-qrscanner": "3.0.1",
    "cordova-plugin-chooser": "1.3.1",
    "cordova-plugin-wkuserscript": "1.0.0",
    "cordova-plugin-media": "5.0.3",
    "cordova.plugins.diagnostic": "5.0.2"
  }
}
